{"cameraMode":{"drawMode":0,"name":"Shaded","section":"Shading Mode"},"sceneLighting":true,"audioPlay":false,"sceneViewState":{"showFog":true,"showMaterialUpdate":false,"showSkybox":true,"showFlares":true,"showImageEffects":true,"showParticleSystems":true},"in2DMode":false,"pivot":{"x":-6.929962158203125,"y":7.325323104858398,"z":-7.205038070678711},"rotation":{"x":-0.0768987163901329,"y":-0.569762110710144,"z":0.0536644421517849,"w":-0.8164421916007996},"size":23.0305118560791,"orthographic":false}